<?xml version="1.0" encoding="UTF-8"?>
<included>

    <springProperty scope="context" name="logPath" source="nacos.logs.path" defaultValue="${user.home}/nacos/logs"/>
    <property name="LOG_HOME" value="${logPath}"/>

    <appender name="nacos-address"
              class="ch.qos.logback.core.rolling.RollingFileAppender">
        <file>${LOG_HOME}/nacos-address.log</file>
        <append>true</append>
        <rollingPolicy class="ch.qos.logback.core.rolling.SizeAndTimeBasedRollingPolicy">
            <fileNamePattern>${LOG_HOME}/nacos-address.log.%d{yyyy-MM-dd}.%i</fileNamePattern>
            <maxFileSize>2GB</maxFileSize>
            <MaxHistory>15</MaxHistory>
            <totalSizeCap>7GB</totalSizeCap>
            <cleanHistoryOnStart>true</cleanHistoryOnStart>
        </rollingPolicy>
        <encoder>
            <Pattern>%date %level %msg%n%n</Pattern>
            <charset>UTF-8</charset>
        </encoder>
    </appender>

    <logger name="com.alibaba.nacos.address.main" additivity="false">
        <level value="INFO"/>
        <appender-ref ref="nacos-address"/>
    </logger>
</included>

