<?xml version="1.0" encoding="UTF-8"?>
<project xmlns="http://maven.apache.org/POM/4.0.0" xmlns:xsi="http://www.w3.org/2001/XMLSchema-instance" xsi:schemaLocation="http://maven.apache.org/POM/4.0.0 http://maven.apache.org/maven-v4_0_0.xsd">
  <modelVersion>4.0.0</modelVersion>
  <groupId>io.seata</groupId>
  <artifactId>seata-all</artifactId>
  <name>Seata All-in-one ${project.version}</name>
  <version>1.3.0-SNAPSHOT</version>
  <description>Seata is an easy-to-use, high-performance, java based, open source distributed transaction solution.</description>
  <url>http://seata.io</url>
  <issueManagement>
    <system>github</system>
    <url>https://github.com/seata/seata/issues</url>
  </issueManagement>
  <developers>
    <developer>
      <id>Seata</id>
      <name>Seata</name>
      <url>http://seata.io</url>
    </developer>
  </developers>
  <licenses>
    <license>
      <name>Apache License, Version 2.0</name>
      <url>http://www.apache.org/licenses/LICENSE-2.0</url>
      <distribution>repo</distribution>
    </license>
  </licenses>
  <scm>
    <connection>scm:git@github.com:seata/seata.git</connection>
    <developerConnection>scm:git@github.com:seata/seata.git</developerConnection>
    <url>git@github.com:seata/seata.git</url>
  </scm>
  <organization>
    <name>Seata</name>
    <url>https://github.com/seata</url>
  </organization>
  <build>
    <extensions>
      <extension>
        <groupId>kr.motd.maven</groupId>
        <artifactId>os-maven-plugin</artifactId>
        <version>1.5.0.Final</version>
      </extension>
    </extensions>
    <resources>
      <resource>
        <directory>${user.dir}</directory>
        <includes>
          <include>LICENSE</include>
        </includes>
      </resource>
    </resources>
    <plugins>
      <plugin>
        <artifactId>maven-jar-plugin</artifactId>
        <version>3.0.2</version>
        <configuration>
          <archive>
            <addMavenDescriptor>true</addMavenDescriptor>
            <index>true</index>
            <manifest>
              <addDefaultSpecificationEntries>true</addDefaultSpecificationEntries>
              <addDefaultImplementationEntries>true</addDefaultImplementationEntries>
            </manifest>
            <manifestEntries>
              <Implementation-Build>${maven.build.timestamp}</Implementation-Build>
            </manifestEntries>
          </archive>
        </configuration>
      </plugin>
      <plugin>
        <artifactId>maven-compiler-plugin</artifactId>
        <version>3.5.1</version>
        <configuration>
          <source>${maven.compiler.source}</source>
          <target>${maven.compiler.target}</target>
          <encoding>${project.build.sourceEncoding}</encoding>
        </configuration>
      </plugin>
      <plugin>
        <artifactId>maven-resources-plugin</artifactId>
        <version>2.5</version>
        <configuration>
          <encoding>${project.build.sourceEncoding}</encoding>
        </configuration>
      </plugin>
      <plugin>
        <artifactId>maven-shade-plugin</artifactId>
        <version>2.4.3</version>
        <executions>
          <execution>
            <phase>package</phase>
            <goals>
              <goal>shade</goal>
            </goals>
            <configuration>
              <createSourcesJar>true</createSourcesJar>
              <promoteTransitiveDependencies>false</promoteTransitiveDependencies>
              <keepDependenciesWithProvidedScope>false</keepDependenciesWithProvidedScope>
              <createDependencyReducedPom>true</createDependencyReducedPom>
              <artifactSet>
                <includes>
                  <include>io.seata:seata-common</include>
                  <include>io.seata:seata-core</include>
                  <include>io.seata:seata-config-core</include>
                  <include>io.seata:seata-config-custom</include>
                  <include>io.seata:seata-config-apollo</include>
                  <include>io.seata:seata-config-nacos</include>
                  <include>io.seata:seata-config-zk</include>
                  <include>io.seata:seata-config-consul</include>
                  <include>io.seata:seata-config-etcd3</include>
                  <include>io.seata:seata-config-spring-cloud</include>
                  <include>io.seata:seata-discovery-core</include>
                  <include>io.seata:seata-discovery-custom</include>
                  <include>io.seata:seata-discovery-consul</include>
                  <include>io.seata:seata-discovery-eureka</include>
                  <include>io.seata:seata-discovery-nacos</include>
                  <include>io.seata:seata-discovery-redis</include>
                  <include>io.seata:seata-discovery-sofa</include>
                  <include>io.seata:seata-discovery-zk</include>
                  <include>io.seata:seata-discovery-etcd3</include>
                  <include>io.seata:seata-dubbo</include>
                  <include>io.seata:seata-dubbo-alibaba</include>
                  <include>io.seata:seata-motan</include>
                  <include>io.seata:seata-grpc</include>
                  <include>io.seata:seata-http</include>
                  <include>io.seata:seata-rm</include>
                  <include>io.seata:seata-rm-datasource</include>
                  <include>io.seata:seata-sqlparser-core</include>
                  <include>io.seata:seata-sqlparser-druid</include>
                  <include>io.seata:seata-sofa-rpc</include>
                  <include>io.seata:seata-spring</include>
                  <include>io.seata:seata-tcc</include>
                  <include>io.seata:seata-tm</include>
                  <include>io.seata:seata-serializer-seata</include>
                  <include>io.seata:seata-serializer-protobuf</include>
                  <include>io.seata:seata-serializer-kryo</include>
                  <include>io.seata:seata-serializer-fst</include>
                  <include>io.seata:seata-serializer-hessian</include>
                  <include>io.seata:seata-saga-processctrl</include>
                  <include>io.seata:seata-saga-statelang</include>
                  <include>io.seata:seata-saga-engine</include>
                  <include>io.seata:seata-saga-rm</include>
                  <include>io.seata:seata-saga-tm</include>
                  <include>io.seata:seata-saga-engine-store</include>
                  <include>io.seata:seata-compressor-gzip</include>
                  <include>io.seata:seata-compressor-7z</include>
                  <include>io.seata:seata-compressor-bzip2</include>
                  <include>io.seata:seata-compressor-zip</include>
                  <include>io.seata:seata-compressor-lz4</include>
                </includes>
              </artifactSet>
              <transformers>
                <transformer />
                <transformer>
                  <resource>META-INF/spring.handlers</resource>
                </transformer>
                <transformer>
                  <resource>META-INF/spring.schemas</resource>
                </transformer>
              </transformers>
              <filters>
                <filter>
                  <artifact>*:*</artifact>
                  <excludes>
                    <exclude>file.conf</exclude>
                    <exclude>registry.conf</exclude>
                  </excludes>
                </filter>
                <filter>
                  <artifact>*:*</artifact>
                  <excludes>
                    <exclude>META-INF/maven/**</exclude>
                  </excludes>
                </filter>
              </filters>
            </configuration>
          </execution>
        </executions>
      </plugin>
      <plugin>
        <artifactId>maven-dependency-plugin</artifactId>
        <version>3.0.2</version>
      </plugin>
    </plugins>
  </build>
  <profiles>
    <profile>
      <id>release</id>
      <build>
        <plugins>
          <plugin>
            <artifactId>maven-javadoc-plugin</artifactId>
            <version>2.10.4</version>
            <executions>
              <execution>
                <id>attach-javadocs</id>
                <goals>
                  <goal>jar</goal>
                </goals>
              </execution>
            </executions>
            <configuration>
              <charset>${project.build.sourceEncoding}</charset>
              <failOnError>false</failOnError>
              <encoding>${project.build.sourceEncoding}</encoding>
              <detectOfflineLinks>true</detectOfflineLinks>
              <breakiterator>true</breakiterator>
              <author>false</author>
              <keywords>true</keywords>
              <quiet>true</quiet>
              <includeDependencySources>true</includeDependencySources>
              <dependencySourceIncludes>
                <dependencySourceInclude>io.seata:seata-*</dependencySourceInclude>
              </dependencySourceIncludes>
            </configuration>
          </plugin>
          <plugin>
            <groupId>org.sonatype.plugins</groupId>
            <artifactId>nexus-staging-maven-plugin</artifactId>
            <version>1.6.7</version>
            <extensions>true</extensions>
            <configuration>
              <serverId>oss_seata</serverId>
              <nexusUrl>https://oss.sonatype.org/</nexusUrl>
              <autoReleaseAfterClose>false</autoReleaseAfterClose>
            </configuration>
          </plugin>
          <plugin>
            <artifactId>maven-gpg-plugin</artifactId>
            <version>1.6</version>
            <executions>
              <execution>
                <id>sign-artifacts</id>
                <phase>verify</phase>
                <goals>
                  <goal>sign</goal>
                </goals>
                <configuration>
                  <keyname>F72AF874ECA9BBA7751C2DFD553EBAF7AC17F320</keyname>
                </configuration>
              </execution>
            </executions>
          </plugin>
          <plugin>
            <artifactId>maven-enforcer-plugin</artifactId>
            <version>3.0.0-M3</version>
            <executions>
              <execution>
                <id>enforce-maven</id>
                <goals>
                  <goal>enforce</goal>
                </goals>
                <configuration>
                  <rules>
                    <requireMavenVersion>
                      <version>[3.6.0,)</version>
                    </requireMavenVersion>
                  </rules>
                </configuration>
              </execution>
            </executions>
          </plugin>
        </plugins>
      </build>
      <distributionManagement>
        <repository>
          <id>oss_seata</id>
          <url>https://oss.sonatype.org/service/local/staging/deploy/maven2/</url>
        </repository>
        <snapshotRepository>
          <id>oss_seata</id>
          <url>https://oss.sonatype.org/content/repositories/snapshots</url>
        </snapshotRepository>
      </distributionManagement>
    </profile>
  </profiles>
  <dependencies>
    <dependency>
      <groupId>org.springframework</groupId>
      <artifactId>spring-context</artifactId>
      <version>4.3.23.RELEASE</version>
      <scope>compile</scope>
    </dependency>
    <dependency>
      <groupId>org.springframework</groupId>
      <artifactId>spring-core</artifactId>
      <version>4.3.23.RELEASE</version>
      <scope>compile</scope>
    </dependency>
    <dependency>
      <groupId>org.springframework</groupId>
      <artifactId>spring-beans</artifactId>
      <version>4.3.23.RELEASE</version>
      <scope>compile</scope>
    </dependency>
    <dependency>
      <groupId>org.springframework</groupId>
      <artifactId>spring-aop</artifactId>
      <version>4.3.23.RELEASE</version>
      <scope>compile</scope>
    </dependency>
    <dependency>
      <groupId>org.springframework</groupId>
      <artifactId>spring-webmvc</artifactId>
      <version>4.3.23.RELEASE</version>
      <scope>compile</scope>
    </dependency>
    <dependency>
      <groupId>io.netty</groupId>
      <artifactId>netty-all</artifactId>
      <version>4.1.30.Final</version>
      <scope>compile</scope>
    </dependency>
    <dependency>
      <groupId>com.alibaba</groupId>
      <artifactId>fastjson</artifactId>
      <version>1.2.60</version>
      <scope>compile</scope>
    </dependency>
    <dependency>
      <groupId>com.alibaba</groupId>
      <artifactId>druid</artifactId>
      <version>1.1.12</version>
      <scope>compile</scope>
    </dependency>
    <dependency>
      <groupId>com.typesafe</groupId>
      <artifactId>config</artifactId>
      <version>1.2.1</version>
      <scope>compile</scope>
    </dependency>
    <dependency>
      <groupId>org.slf4j</groupId>
      <artifactId>slf4j-api</artifactId>
      <version>1.7.22</version>
      <scope>compile</scope>
    </dependency>
    <dependency>
      <groupId>ch.qos.logback</groupId>
      <artifactId>logback-classic</artifactId>
      <version>1.2.0</version>
      <scope>provided</scope>
      <exclusions>
        <exclusion>
          <artifactId>logback-core</artifactId>
          <groupId>ch.qos.logback</groupId>
        </exclusion>
      </exclusions>
    </dependency>
    <dependency>
      <groupId>commons-lang</groupId>
      <artifactId>commons-lang</artifactId>
      <version>2.6</version>
      <scope>compile</scope>
    </dependency>
    <dependency>
      <groupId>org.apache.commons</groupId>
      <artifactId>commons-pool2</artifactId>
      <version>2.4.2</version>
      <scope>compile</scope>
    </dependency>
    <dependency>
      <groupId>commons-pool</groupId>
      <artifactId>commons-pool</artifactId>
      <version>1.6</version>
      <scope>compile</scope>
    </dependency>
    <dependency>
      <groupId>com.google.protobuf</groupId>
      <artifactId>protobuf-java</artifactId>
      <version>3.7.1</version>
      <scope>compile</scope>
    </dependency>
    <dependency>
      <groupId>org.apache.dubbo</groupId>
      <artifactId>dubbo</artifactId>
      <version>2.7.0</version>
      <scope>provided</scope>
      <exclusions>
        <exclusion>
          <artifactId>javassist</artifactId>
          <groupId>org.javassist</groupId>
        </exclusion>
        <exclusion>
          <artifactId>gson</artifactId>
          <groupId>com.google.code.gson</groupId>
        </exclusion>
      </exclusions>
    </dependency>
    <dependency>
      <groupId>com.alibaba</groupId>
      <artifactId>dubbo</artifactId>
      <version>2.6.5</version>
      <scope>provided</scope>
      <exclusions>
        <exclusion>
          <artifactId>netty</artifactId>
          <groupId>org.jboss.netty</groupId>
        </exclusion>
        <exclusion>
          <artifactId>javassist</artifactId>
          <groupId>org.javassist</groupId>
        </exclusion>
      </exclusions>
    </dependency>
    <dependency>
      <groupId>cglib</groupId>
      <artifactId>cglib</artifactId>
      <version>3.1</version>
      <scope>compile</scope>
    </dependency>
    <dependency>
      <groupId>aopalliance</groupId>
      <artifactId>aopalliance</artifactId>
      <version>1.0</version>
      <scope>compile</scope>
    </dependency>
    <dependency>
      <groupId>com.101tec</groupId>
      <artifactId>zkclient</artifactId>
      <version>0.11</version>
      <scope>provided</scope>
      <exclusions>
        <exclusion>
          <artifactId>slf4j-log4j12</artifactId>
          <groupId>org.slf4j</groupId>
        </exclusion>
        <exclusion>
          <artifactId>io.netty</artifactId>
          <groupId>netty</groupId>
        </exclusion>
        <exclusion>
          <artifactId>org.apache.zookeeper</artifactId>
          <groupId>zookeeper</groupId>
        </exclusion>
      </exclusions>
    </dependency>
    <dependency>
      <groupId>org.apache.zookeeper</groupId>
      <artifactId>zookeeper</artifactId>
      <version>3.4.14</version>
      <scope>provided</scope>
      <exclusions>
        <exclusion>
          <artifactId>io.netty</artifactId>
          <groupId>netty</groupId>
        </exclusion>
        <exclusion>
          <artifactId>slf4j-log4j12</artifactId>
          <groupId>org.slf4j</groupId>
        </exclusion>
        <exclusion>
          <artifactId>spotbugs-annotations</artifactId>
          <groupId>com.github.spotbugs</groupId>
        </exclusion>
        <exclusion>
          <artifactId>log4j</artifactId>
          <groupId>log4j</groupId>
        </exclusion>
        <exclusion>
          <artifactId>jline</artifactId>
          <groupId>jline</groupId>
        </exclusion>
        <exclusion>
          <artifactId>audience-annotations</artifactId>
          <groupId>org.apache.yetus</groupId>
        </exclusion>
        <exclusion>
          <artifactId>netty</artifactId>
          <groupId>io.netty</groupId>
        </exclusion>
      </exclusions>
    </dependency>
    <dependency>
      <groupId>com.alipay.sofa</groupId>
      <artifactId>registry-client-all</artifactId>
      <version>5.2.0</version>
      <scope>provided</scope>
      <exclusions>
        <exclusion>
          <artifactId>bolt</artifactId>
          <groupId>com.alipay.sofa</groupId>
        </exclusion>
        <exclusion>
          <artifactId>hessian</artifactId>
          <groupId>com.alipay.sofa</groupId>
        </exclusion>
        <exclusion>
          <artifactId>sofa-common-tools</artifactId>
          <groupId>com.alipay.sofa.common</groupId>
        </exclusion>
        <exclusion>
          <artifactId>lookout-api</artifactId>
          <groupId>com.alipay.sofa.lookout</groupId>
        </exclusion>
      </exclusions>
    </dependency>
    <dependency>
      <groupId>com.alibaba.spring</groupId>
      <artifactId>spring-context-support</artifactId>
      <version>1.0.2</version>
      <scope>provided</scope>
    </dependency>
    <dependency>
      <groupId>com.alibaba.nacos</groupId>
      <artifactId>nacos-client</artifactId>
      <version>1.2.0</version>
      <scope>provided</scope>
      <exclusions>
        <exclusion>
          <artifactId>nacos-common</artifactId>
          <groupId>com.alibaba.nacos</groupId>
        </exclusion>
        <exclusion>
          <artifactId>nacos-api</artifactId>
          <groupId>com.alibaba.nacos</groupId>
        </exclusion>
        <exclusion>
          <artifactId>commons-codec</artifactId>
          <groupId>commons-codec</groupId>
        </exclusion>
        <exclusion>
          <artifactId>jackson-core</artifactId>
          <groupId>com.fasterxml.jackson.core</groupId>
        </exclusion>
        <exclusion>
          <artifactId>simpleclient</artifactId>
          <groupId>io.prometheus</groupId>
        </exclusion>
        <exclusion>
          <artifactId>snakeyaml</artifactId>
          <groupId>org.yaml</groupId>
        </exclusion>
      </exclusions>
    </dependency>
    <dependency>
      <groupId>com.ctrip.framework.apollo</groupId>
      <artifactId>apollo-client</artifactId>
      <version>1.1.0</version>
      <scope>provided</scope>
      <exclusions>
        <exclusion>
          <artifactId>apollo-core</artifactId>
          <groupId>com.ctrip.framework.apollo</groupId>
        </exclusion>
        <exclusion>
          <artifactId>guice</artifactId>
          <groupId>com.google.inject</groupId>
        </exclusion>
      </exclusions>
    </dependency>
    <dependency>
      <groupId>redis.clients</groupId>
      <artifactId>jedis</artifactId>
      <version>3.2.0</version>
      <scope>provided</scope>
    </dependency>
    <dependency>
      <groupId>com.netflix.eureka</groupId>
      <artifactId>eureka-client</artifactId>
      <version>1.9.5</version>
      <scope>provided</scope>
      <exclusions>
        <exclusion>
          <artifactId>jettison</artifactId>
          <groupId>org.codehaus.jettison</groupId>
        </exclusion>
        <exclusion>
          <artifactId>netflix-eventbus</artifactId>
          <groupId>com.netflix.netflix-commons</groupId>
        </exclusion>
        <exclusion>
          <artifactId>xstream</artifactId>
          <groupId>com.thoughtworks.xstream</groupId>
        </exclusion>
        <exclusion>
          <artifactId>jsr311-api</artifactId>
          <groupId>javax.ws.rs</groupId>
        </exclusion>
        <exclusion>
          <artifactId>servo-core</artifactId>
          <groupId>com.netflix.servo</groupId>
        </exclusion>
        <exclusion>
          <artifactId>jersey-core</artifactId>
          <groupId>com.sun.jersey</groupId>
        </exclusion>
        <exclusion>
          <artifactId>jersey-client</artifactId>
          <groupId>com.sun.jersey</groupId>
        </exclusion>
        <exclusion>
          <artifactId>jersey-apache-client4</artifactId>
          <groupId>com.sun.jersey.contribs</groupId>
        </exclusion>
        <exclusion>
          <artifactId>compactmap</artifactId>
          <groupId>com.github.vlsi.compactmap</groupId>
        </exclusion>
        <exclusion>
          <artifactId>jackson-annotations</artifactId>
          <groupId>com.fasterxml.jackson.core</groupId>
        </exclusion>
        <exclusion>
          <artifactId>guice</artifactId>
          <groupId>com.google.inject</groupId>
        </exclusion>
        <exclusion>
          <artifactId>jackson-core</artifactId>
          <groupId>com.fasterxml.jackson.core</groupId>
        </exclusion>
      </exclusions>
    </dependency>
    <dependency>
      <groupId>com.netflix.archaius</groupId>
      <artifactId>archaius-core</artifactId>
      <version>0.7.6</version>
      <scope>provided</scope>
      <exclusions>
        <exclusion>
          <artifactId>jsr305</artifactId>
          <groupId>com.google.code.findbugs</groupId>
        </exclusion>
        <exclusion>
          <artifactId>commons-configuration</artifactId>
          <groupId>commons-configuration</groupId>
        </exclusion>
        <exclusion>
          <artifactId>jackson-annotations</artifactId>
          <groupId>com.fasterxml.jackson.core</groupId>
        </exclusion>
        <exclusion>
          <artifactId>jackson-core</artifactId>
          <groupId>com.fasterxml.jackson.core</groupId>
        </exclusion>
      </exclusions>
    </dependency>
    <dependency>
      <groupId>com.ecwid.consul</groupId>
      <artifactId>consul-api</artifactId>
      <version>1.4.2</version>
      <scope>provided</scope>
      <exclusions>
        <exclusion>
          <artifactId>gson</artifactId>
          <groupId>com.google.code.gson</groupId>
        </exclusion>
      </exclusions>
    </dependency>
    <dependency>
      <groupId>io.etcd</groupId>
      <artifactId>jetcd-core</artifactId>
      <version>0.3.0</version>
      <scope>provided</scope>
      <exclusions>
        <exclusion>
          <artifactId>netty-codec-http</artifactId>
          <groupId>io.netty</groupId>
        </exclusion>
        <exclusion>
          <artifactId>netty-codec-http2</artifactId>
          <groupId>io.netty</groupId>
        </exclusion>
        <exclusion>
          <artifactId>netty-handler-proxy</artifactId>
          <groupId>io.netty</groupId>
        </exclusion>
        <exclusion>
          <artifactId>netty-handler</artifactId>
          <groupId>io.netty</groupId>
        </exclusion>
        <exclusion>
          <artifactId>jetcd-common</artifactId>
          <groupId>io.etcd</groupId>
        </exclusion>
        <exclusion>
          <artifactId>jetcd-resolver</artifactId>
          <groupId>io.etcd</groupId>
        </exclusion>
        <exclusion>
          <artifactId>grpc-core</artifactId>
          <groupId>io.grpc</groupId>
        </exclusion>
        <exclusion>
          <artifactId>grpc-grpclb</artifactId>
          <groupId>io.grpc</groupId>
        </exclusion>
      </exclusions>
    </dependency>
    <dependency>
      <groupId>com.google.guava</groupId>
      <artifactId>guava</artifactId>
      <version>27.0.1-jre</version>
      <scope>provided</scope>
      <exclusions>
        <exclusion>
          <artifactId>failureaccess</artifactId>
          <groupId>com.google.guava</groupId>
        </exclusion>
        <exclusion>
          <artifactId>listenablefuture</artifactId>
          <groupId>com.google.guava</groupId>
        </exclusion>
        <exclusion>
          <artifactId>j2objc-annotations</artifactId>
          <groupId>com.google.j2objc</groupId>
        </exclusion>
        <exclusion>
          <artifactId>animal-sniffer-annotations</artifactId>
          <groupId>org.codehaus.mojo</groupId>
        </exclusion>
        <exclusion>
          <artifactId>jsr305</artifactId>
          <groupId>com.google.code.findbugs</groupId>
        </exclusion>
      </exclusions>
    </dependency>
    <dependency>
      <groupId>javax.inject</groupId>
      <artifactId>javax.inject</artifactId>
      <version>1</version>
      <scope>provided</scope>
    </dependency>
    <dependency>
      <groupId>org.apache.httpcomponents</groupId>
      <artifactId>httpclient</artifactId>
      <version>4.5.8</version>
      <scope>provided</scope>
      <exclusions>
        <exclusion>
          <artifactId>commons-codec</artifactId>
          <groupId>commons-codec</groupId>
        </exclusion>
      </exclusions>
    </dependency>
    <dependency>
      <groupId>org.apache.httpcomponents</groupId>
      <artifactId>httpcore</artifactId>
      <version>4.4.11</version>
      <scope>provided</scope>
    </dependency>
    <dependency>
      <groupId>com.github.ben-manes.caffeine</groupId>
      <artifactId>caffeine</artifactId>
      <version>2.7.0</version>
      <scope>compile</scope>
    </dependency>
    <dependency>
      <groupId>com.alipay.sofa</groupId>
      <artifactId>sofa-rpc-all</artifactId>
      <version>5.5.3</version>
      <scope>provided</scope>
      <exclusions>
        <exclusion>
          <artifactId>tracer-core</artifactId>
          <groupId>com.alipay.sofa</groupId>
        </exclusion>
        <exclusion>
          <artifactId>resteasy-netty4</artifactId>
          <groupId>org.jboss.resteasy</groupId>
        </exclusion>
        <exclusion>
          <artifactId>resteasy-client</artifactId>
          <groupId>org.jboss.resteasy</groupId>
        </exclusion>
        <exclusion>
          <artifactId>resteasy-jackson-provider</artifactId>
          <groupId>org.jboss.resteasy</groupId>
        </exclusion>
        <exclusion>
          <artifactId>bolt</artifactId>
          <groupId>com.alipay.sofa</groupId>
        </exclusion>
        <exclusion>
          <artifactId>sofa-common-tools</artifactId>
          <groupId>com.alipay.sofa.common</groupId>
        </exclusion>
        <exclusion>
          <artifactId>hessian</artifactId>
          <groupId>com.alipay.sofa</groupId>
        </exclusion>
        <exclusion>
          <artifactId>lookout-api</artifactId>
          <groupId>com.alipay.sofa.lookout</groupId>
        </exclusion>
        <exclusion>
          <artifactId>javassist</artifactId>
          <groupId>org.javassist</groupId>
        </exclusion>
      </exclusions>
    </dependency>
    <dependency>
      <groupId>com.weibo</groupId>
      <artifactId>motan-core</artifactId>
      <version>1.0.0</version>
      <scope>provided</scope>
      <exclusions>
        <exclusion>
          <artifactId>slf4j-log4j12</artifactId>
          <groupId>org.slf4j</groupId>
        </exclusion>
        <exclusion>
          <artifactId>metrics-core</artifactId>
          <groupId>com.codahale.metrics</groupId>
        </exclusion>
        <exclusion>
          <artifactId>javapoet</artifactId>
          <groupId>com.squareup</groupId>
        </exclusion>
        <exclusion>
          <artifactId>commons-lang3</artifactId>
          <groupId>org.apache.commons</groupId>
        </exclusion>
        <exclusion>
          <artifactId>log4j</artifactId>
          <groupId>log4j</groupId>
        </exclusion>
        <exclusion>
          <artifactId>commons-codec</artifactId>
          <groupId>commons-codec</groupId>
        </exclusion>
      </exclusions>
    </dependency>
    <dependency>
      <groupId>com.weibo</groupId>
      <artifactId>motan-transport-netty</artifactId>
      <version>1.0.0</version>
      <scope>provided</scope>
      <exclusions>
        <exclusion>
          <artifactId>slf4j-log4j12</artifactId>
          <groupId>org.slf4j</groupId>
        </exclusion>
        <exclusion>
          <artifactId>netty</artifactId>
          <groupId>org.jboss.netty</groupId>
        </exclusion>
        <exclusion>
          <artifactId>commons-lang3</artifactId>
          <groupId>org.apache.commons</groupId>
        </exclusion>
        <exclusion>
          <artifactId>log4j</artifactId>
          <groupId>log4j</groupId>
        </exclusion>
        <exclusion>
          <artifactId>commons-codec</artifactId>
          <groupId>commons-codec</groupId>
        </exclusion>
      </exclusions>
    </dependency>
    <dependency>
      <groupId>io.protostuff</groupId>
      <artifactId>protostuff-core</artifactId>
      <version>1.5.9</version>
      <scope>provided</scope>
      <exclusions>
        <exclusion>
          <artifactId>protostuff-api</artifactId>
          <groupId>io.protostuff</groupId>
        </exclusion>
      </exclusions>
    </dependency>
    <dependency>
      <groupId>io.protostuff</groupId>
      <artifactId>protostuff-runtime</artifactId>
      <version>1.5.9</version>
      <scope>provided</scope>
      <exclusions>
        <exclusion>
          <artifactId>protostuff-collectionschema</artifactId>
          <groupId>io.protostuff</groupId>
        </exclusion>
        <exclusion>
          <artifactId>protostuff-api</artifactId>
          <groupId>io.protostuff</groupId>
        </exclusion>
      </exclusions>
    </dependency>
    <dependency>
      <groupId>io.grpc</groupId>
      <artifactId>grpc-netty</artifactId>
      <version>1.17.1</version>
      <scope>provided</scope>
      <exclusions>
        <exclusion>
          <artifactId>netty-codec-http2</artifactId>
          <groupId>io.netty</groupId>
        </exclusion>
        <exclusion>
          <artifactId>netty-handler-proxy</artifactId>
          <groupId>io.netty</groupId>
        </exclusion>
        <exclusion>
          <artifactId>grpc-core</artifactId>
          <groupId>io.grpc</groupId>
        </exclusion>
      </exclusions>
    </dependency>
    <dependency>
      <groupId>io.grpc</groupId>
      <artifactId>grpc-protobuf</artifactId>
      <version>1.17.1</version>
      <scope>provided</scope>
      <exclusions>
        <exclusion>
          <artifactId>proto-google-common-protos</artifactId>
          <groupId>com.google.api.grpc</groupId>
        </exclusion>
        <exclusion>
          <artifactId>grpc-protobuf-lite</artifactId>
          <groupId>io.grpc</groupId>
        </exclusion>
        <exclusion>
          <artifactId>grpc-core</artifactId>
          <groupId>io.grpc</groupId>
        </exclusion>
      </exclusions>
    </dependency>
    <dependency>
      <groupId>io.grpc</groupId>
      <artifactId>grpc-stub</artifactId>
      <version>1.17.1</version>
      <scope>provided</scope>
      <exclusions>
        <exclusion>
          <artifactId>grpc-core</artifactId>
          <groupId>io.grpc</groupId>
        </exclusion>
      </exclusions>
    </dependency>
    <dependency>
      <groupId>mysql</groupId>
      <artifactId>mysql-connector-java</artifactId>
      <version>5.1.35</version>
      <scope>provided</scope>
    </dependency>
    <dependency>
      <groupId>org.postgresql</groupId>
      <artifactId>postgresql</artifactId>
      <version>42.1.4</version>
      <scope>provided</scope>
    </dependency>
    <dependency>
      <groupId>com.fasterxml.jackson.core</groupId>
      <artifactId>jackson-databind</artifactId>
      <version>2.9.9</version>
      <scope>provided</scope>
      <exclusions>
        <exclusion>
          <artifactId>jackson-annotations</artifactId>
          <groupId>com.fasterxml.jackson.core</groupId>
        </exclusion>
        <exclusion>
          <artifactId>jackson-core</artifactId>
          <groupId>com.fasterxml.jackson.core</groupId>
        </exclusion>
      </exclusions>
    </dependency>
    <dependency>
      <groupId>com.esotericsoftware</groupId>
      <artifactId>kryo</artifactId>
      <version>4.0.2</version>
      <scope>provided</scope>
      <exclusions>
        <exclusion>
          <artifactId>reflectasm</artifactId>
          <groupId>com.esotericsoftware</groupId>
        </exclusion>
        <exclusion>
          <artifactId>minlog</artifactId>
          <groupId>com.esotericsoftware</groupId>
        </exclusion>
        <exclusion>
          <artifactId>objenesis</artifactId>
          <groupId>org.objenesis</groupId>
        </exclusion>
      </exclusions>
    </dependency>
    <dependency>
      <groupId>de.ruedigermoeller</groupId>
      <artifactId>fst</artifactId>
      <version>2.57</version>
      <scope>provided</scope>
      <exclusions>
        <exclusion>
          <artifactId>objenesis</artifactId>
          <groupId>org.objenesis</groupId>
        </exclusion>
        <exclusion>
          <artifactId>javassist</artifactId>
          <groupId>org.javassist</groupId>
        </exclusion>
        <exclusion>
          <artifactId>jackson-core</artifactId>
          <groupId>com.fasterxml.jackson.core</groupId>
        </exclusion>
      </exclusions>
    </dependency>
    <dependency>
      <groupId>com.caucho</groupId>
      <artifactId>hessian</artifactId>
      <version>4.0.63</version>
      <scope>provided</scope>
    </dependency>
    <dependency>
      <groupId>de.javakaffee</groupId>
      <artifactId>kryo-serializers</artifactId>
      <version>0.42</version>
      <scope>provided</scope>
    </dependency>
    <dependency>
      <groupId>org.lz4</groupId>
      <artifactId>lz4-java</artifactId>
      <version>1.7.1</version>
      <scope>provided</scope>
    </dependency>
  </dependencies>
  <dependencyManagement>
    <dependencies>
      <dependency>
        <groupId>io.seata</groupId>
        <artifactId>seata-bom</artifactId>
        <version>${project.version}</version>
        <type>pom</type>
        <scope>import</scope>
      </dependency>
    </dependencies>
  </dependencyManagement>
  <properties>
    <project.build.sourceEncoding>UTF-8</project.build.sourceEncoding>
    <maven.compiler.source>1.8</maven.compiler.source>
    <maven.compiler.target>1.8</maven.compiler.target>
  </properties>
</project>

